Workbook

Sheet Start Here
A1: StillOak Studio | B1: Social Media Content Calendar | C1: Marketingas | D1: Asmeninis
A2: Kas tai yra | B2: Turinio kalendorius savait?s ritmui, kanalams, publikavimo b?senoms ir rezultatams sekti.
A3: Naudojimo eiga | B3: 1. Perskaitykite PDF gid? 2. U?pildykite Inputs lap? 3. Per?i?r?kite Dashboard 4. U?ra?ykite kit? veiksm?
A4: Failo versija | B4: 1.0 | C4: Atnaujinta | D4: 2026
A5: Pastaba | B5: Geltonai pa?ym?ti laukai skirti pildymui. Formuli? laukai automati?kai atnaujina dashboard.

Sheet Inputs
A1: ?ra?as | B1: Platforma | C1: B?sena | D1: Reach | E1: Engagements
A2: Biud?eto patarimas | B2: Instagram | C2: Published | D2: 1200 | E2: 84
A3: Savait?s planas | B3: TikTok | C3: Published | D3: 2400 | E3: 180
A4: Taupymo id?ja | B4: YouTube Shorts | C4: Planned | D4: 0 | E4: 0
A5: Verslo mini testas | B5: TikTok | C5: Published | D5: 1800 | E5: 130
A6: M?nesio refleksija | B6: Instagram | C6: Draft | D6: 0 | E6: 0

Sheet Model
A1: Metrika | B1: Rezultatas
A2: Planned posts | B2: =COUNTA(Inputs!A2:A100)
A3: Published posts | B3: =COUNTIF(Inputs!C:C,"Published")
A4: Completion % | B4: =IFERROR(B3/B2,0)
A5: Instagram posts | B5: =COUNTIF(Inputs!B:B,"Instagram")
A6: TikTok posts | B6: =COUNTIF(Inputs!B:B,"TikTok")
A7: YouTube Shorts posts | B7: =COUNTIF(Inputs!B:B,"YouTube Shorts")
A8: Average reach | B8: =IFERROR(AVERAGEIF(Inputs!C:C,"Published",Inputs!D:D),0)
A9: Engagement rate | B9: =IFERROR(SUM(Inputs!E:E)/SUM(Inputs!D:D),0)
A10: Instagram reach | B10: =SUMIF(Inputs!B:B,"Instagram",Inputs!D:D)
A11: TikTok reach | B11: =SUMIF(Inputs!B:B,"TikTok",Inputs!D:D)
A12: YouTube Shorts reach | B12: =SUMIF(Inputs!B:B,"YouTube Shorts",Inputs!D:D)
A13: Best platform | B13: =INDEX(A10:A12,MATCH(MAX(B10:B12),B10:B12,0))
A14: Content consistency score | B14: =ROUND(B4*100,0)
A15: Recommendation | B15: =IF(B4<0.7,"Ma?inkite apimt? ir publikuokite stabiliau.",IF(B9<0.03,"Per?i?r?kite hooks ir CTA.","Ritmas stiprus - t?skite."))

Sheet Dashboard
A1: Rodiklis | B1: Rezultatas
A2: Planned posts | B2: =Model!B2
A3: Published posts | B3: =Model!B3
A4: Completion % | B4: =Model!B4
A5: Posts per platform | B5: =Model!B5&" IG / "&Model!B6&" TT / "&Model!B7&" YT"
A6: Average reach | B6: =Model!B8
A7: Engagement rate | B7: =Model!B9
A8: Best platform | B8: =Model!B13
A9: Content consistency score | B9: =Model!B14
A10: Recommendation | B10: =Model!B15

Sheet Review
A1: Klausimas | B1: Atsakymas | C1: Kitas veiksmas
A2: Kas ?i? savait? ar m?nes? pajud?jo?
A3: Kur kilo daugiausia trinties?
A4: K? verta supaprastinti?
A5: Koks vienas kitas veiksmas?
