Workbook

Sheet Dashboard
A1: StillOak Studio • Savings Tracker V15
A2: 12 mėnesių taupymo dashboard su progresu, statusu ir rekomendacijomis.
A3: Tikslas | C3: Sukaupta | E3: Liko | G3: Progresas | K3: Month | L3: Progress | N3: Scenario | O3: Progress
A4: ='Goal Setup'!$B$4 | C4: ='Goal Setup'!$B$10 | E4: ='Goal Setup'!$B$11 | G4: ='Goal Setup'!$B$12 | K4: ='Monthly Tracker'!B4 | L4: ='Monthly Tracker'!H4 | N4: ='Scenario Planner'!A4 | O4: ='Scenario Planner'!D4
K5: ='Monthly Tracker'!B5 | L5: ='Monthly Tracker'!H5 | N5: ='Scenario Planner'!A5 | O5: ='Scenario Planner'!D5
K6: ='Monthly Tracker'!B6 | L6: ='Monthly Tracker'!H6 | N6: ='Scenario Planner'!A6 | O6: ='Scenario Planner'!D6
K7: ='Monthly Tracker'!B7 | L7: ='Monthly Tracker'!H7 | N7: ='Scenario Planner'!A7 | O7: ='Scenario Planner'!D7
K8: ='Monthly Tracker'!B8 | L8: ='Monthly Tracker'!H8
A9: Mėnesio planas | C9: Vidutinė faktinė įmoka | E9: Statusas | G9: Rekomendacija | K9: ='Monthly Tracker'!B9 | L9: ='Monthly Tracker'!H9
A10: ='Goal Setup'!$B$9 | C10: =AVERAGE('Monthly Tracker'!D4:D15) | E10: ='Goal Setup'!$B$13 | G10: =IF('Goal Setup'!$B$12>=1,Settings!$B$6,IF('Goal Setup'!$B$12>=0.75,Settings!$B$7,IF('Goal Setup'!$B$12>=0.45,Settings!$B$8,Settings!$B$9))) | K10: ='Monthly Tracker'!B10 | L10: ='Monthly Tracker'!H10
K11: ='Monthly Tracker'!B11 | L11: ='Monthly Tracker'!H11
K12: ='Monthly Tracker'!B12 | L12: ='Monthly Tracker'!H12
K13: ='Monthly Tracker'!B13 | L13: ='Monthly Tracker'!H13
A14: Taupymo progreso analizė | K14: ='Monthly Tracker'!B14 | L14: ='Monthly Tracker'!H14
A15: ="Iki tikslo liko "&TEXT('Goal Setup'!$B$11,"€#,##0")&". Dabartinis progresas: "&TEXT('Goal Setup'!$B$12,"0%")&"." | K15: ='Monthly Tracker'!B15 | L15: ='Monthly Tracker'!H15

Sheet Start Here
A1: StillOak Studio • Savings Tracker V15
A2: Premium 12 mėnesių taupymo tikslų sistema su automatiniu dashboard ir rekomendacijomis.
A4: Žingsnis | B4: Veiksmas | C4: Paaiškinimas
A5: 01 | B5: Įveskite tikslą | C5: Goal Setup lape įrašykite tikslinę sumą, pradinį likutį, mėnesį ir norimą pabaigos datą.
A6: 02 | B6: Pildykite mėnesius | C6: Monthly Tracker lape įrašykite realias mėnesio įmokas. Visi rezultatai skaičiuojami automatiškai.
A7: 03 | B7: Stebėkite Dashboard | C7: Dashboard lape matysite progresą, likusią sumą, taupymo ritmą, statusą ir rekomendaciją.
A8: 04 | B8: Naudokite scenarijus | C8: Scenario Planner padeda palyginti konservatyvų, standartinį ir agresyvų taupymo planus.
A9: 05 | B9: Peržiūrėkite kas mėnesį | C9: Review & Notes lape užrašykite, kas pavyko, kas trukdė ir ką koreguosite kitą mėnesį.
A11: Svarbu: mėlynai pažymėti laukeliai yra įvestims, o tamsūs / auksiniai rezultatai skaičiuojami formulėmis. Failas nenaudoja makrokomandų ir išorinių duomenų šaltinių.

Sheet Goal Setup
A1: Savings Tracker V15 • Goal Setup
A3: Goal Name | B3: Emergency Fund
A4: Target Amount | B4: 5000
A5: Starting Balance | B5: 500
A6: Start Month | B6: January
A7: Target Months | B7: 12
A8: Currency | B8: €
A9: Suggested Monthly Deposit | B9: =ROUNDUP((B4-B5)/B7,0)
A10: Actual Saved | B10: ='Monthly Tracker'!G13
A11: Remaining Amount | B11: =MAX(0,B4-B10)
A12: Progress % | B12: =IFERROR(B10/B4,0)
A13: Status | B13: =IF(B10>=B4,"Tikslas pasiektas",IF(B10>='Monthly Tracker'!F13,"Pagal planą","Atsiliekama"))

Sheet Monthly Tracker
A1: Monthly Tracker • 12 mėnesių taupymo eiga
A3: Month # | B3: Month | C3: Planned Deposit | D3: Actual Deposit | E3: Difference | F3: Cumulative Planned | G3: Cumulative Saved | H3: Progress % | I3: Status | J3: Notes
A4: 1 | B4: January | C4: ='Goal Setup'!$B$9 | D4: 400 | E4: =D4-C4 | F4: ='Goal Setup'!$B$5+SUM($C$4:C4) | G4: ='Goal Setup'!$B$5+SUM($D$4:D4) | H4: =IFERROR(G4/'Goal Setup'!$B$4,0) | I4: =IF(G4>='Goal Setup'!$B$4,"Tikslas pasiektas",IF(G4>=F4,"Pagal planą","Atsiliekama")) | J4: Startas geras
A5: 2 | B5: February | C5: ='Goal Setup'!$B$9 | D5: 450 | E5: =D5-C5 | F5: ='Goal Setup'!$B$5+SUM($C$4:C5) | G5: ='Goal Setup'!$B$5+SUM($D$4:D5) | H5: =IFERROR(G5/'Goal Setup'!$B$4,0) | I5: =IF(G5>='Goal Setup'!$B$4,"Tikslas pasiektas",IF(G5>=F5,"Pagal planą","Atsiliekama")) | J5: Papildoma įmoka
A6: 3 | B6: March | C6: ='Goal Setup'!$B$9 | D6: 375 | E6: =D6-C6 | F6: ='Goal Setup'!$B$5+SUM($C$4:C6) | G6: ='Goal Setup'!$B$5+SUM($D$4:D6) | H6: =IFERROR(G6/'Goal Setup'!$B$4,0) | I6: =IF(G6>='Goal Setup'!$B$4,"Tikslas pasiektas",IF(G6>=F6,"Pagal planą","Atsiliekama")) | J6: Mažesnė įmoka
A7: 4 | B7: April | C7: ='Goal Setup'!$B$9 | D7: 500 | E7: =D7-C7 | F7: ='Goal Setup'!$B$5+SUM($C$4:C7) | G7: ='Goal Setup'!$B$5+SUM($D$4:D7) | H7: =IFERROR(G7/'Goal Setup'!$B$4,0) | I7: =IF(G7>='Goal Setup'!$B$4,"Tikslas pasiektas",IF(G7>=F7,"Pagal planą","Atsiliekama")) | J7: Stiprus mėnuo
A8: 5 | B8: May | C8: ='Goal Setup'!$B$9 | D8: 420 | E8: =D8-C8 | F8: ='Goal Setup'!$B$5+SUM($C$4:C8) | G8: ='Goal Setup'!$B$5+SUM($D$4:D8) | H8: =IFERROR(G8/'Goal Setup'!$B$4,0) | I8: =IF(G8>='Goal Setup'!$B$4,"Tikslas pasiektas",IF(G8>=F8,"Pagal planą","Atsiliekama")) | J8: Stabilu
A9: 6 | B9: June | C9: ='Goal Setup'!$B$9 | D9: 525 | E9: =D9-C9 | F9: ='Goal Setup'!$B$5+SUM($C$4:C9) | G9: ='Goal Setup'!$B$5+SUM($D$4:D9) | H9: =IFERROR(G9/'Goal Setup'!$B$4,0) | I9: =IF(G9>='Goal Setup'!$B$4,"Tikslas pasiektas",IF(G9>=F9,"Pagal planą","Atsiliekama")) | J9: Papildomas uždarbis
A10: 7 | B10: July | C10: ='Goal Setup'!$B$9 | D10: 475 | E10: =D10-C10 | F10: ='Goal Setup'!$B$5+SUM($C$4:C10) | G10: ='Goal Setup'!$B$5+SUM($D$4:D10) | H10: =IFERROR(G10/'Goal Setup'!$B$4,0) | I10: =IF(G10>='Goal Setup'!$B$4,"Tikslas pasiektas",IF(G10>=F10,"Pagal planą","Atsiliekama")) | J10: Pagal planą
A11: 8 | B11: August | C11: ='Goal Setup'!$B$9 | D11: 500 | E11: =D11-C11 | F11: ='Goal Setup'!$B$5+SUM($C$4:C11) | G11: ='Goal Setup'!$B$5+SUM($D$4:D11) | H11: =IFERROR(G11/'Goal Setup'!$B$4,0) | I11: =IF(G11>='Goal Setup'!$B$4,"Tikslas pasiektas",IF(G11>=F11,"Pagal planą","Atsiliekama")) | J11: Puikus ritmas
A12: 9 | B12: September | C12: ='Goal Setup'!$B$9 | D12: 450 | E12: =D12-C12 | F12: ='Goal Setup'!$B$5+SUM($C$4:C12) | G12: ='Goal Setup'!$B$5+SUM($D$4:D12) | H12: =IFERROR(G12/'Goal Setup'!$B$4,0) | I12: =IF(G12>='Goal Setup'!$B$4,"Tikslas pasiektas",IF(G12>=F12,"Pagal planą","Atsiliekama")) | J12: Šiek tiek mažiau
A13: 10 | B13: October | C13: ='Goal Setup'!$B$9 | D13: 520 | E13: =D13-C13 | F13: ='Goal Setup'!$B$5+SUM($C$4:C13) | G13: ='Goal Setup'!$B$5+SUM($D$4:D13) | H13: =IFERROR(G13/'Goal Setup'!$B$4,0) | I13: =IF(G13>='Goal Setup'!$B$4,"Tikslas pasiektas",IF(G13>=F13,"Pagal planą","Atsiliekama")) | J13: Atgautas tempas
A14: 11 | B14: November | C14: ='Goal Setup'!$B$9 | D14: 550 | E14: =D14-C14 | F14: ='Goal Setup'!$B$5+SUM($C$4:C14) | G14: ='Goal Setup'!$B$5+SUM($D$4:D14) | H14: =IFERROR(G14/'Goal Setup'!$B$4,0) | I14: =IF(G14>='Goal Setup'!$B$4,"Tikslas pasiektas",IF(G14>=F14,"Pagal planą","Atsiliekama")) | J14: Virš planavimo
A15: 12 | B15: December | C15: ='Goal Setup'!$B$9 | D15: 600 | E15: =D15-C15 | F15: ='Goal Setup'!$B$5+SUM($C$4:C15) | G15: ='Goal Setup'!$B$5+SUM($D$4:D15) | H15: =IFERROR(G15/'Goal Setup'!$B$4,0) | I15: =IF(G15>='Goal Setup'!$B$4,"Tikslas pasiektas",IF(G15>=F15,"Pagal planą","Atsiliekama")) | J15: Finalinis sprintas
A17: TOTAL | C17: =SUM(C4:C15) | D17: =SUM(D4:D15) | E17: =D17-C17 | G17: =G15 | H17: =IFERROR(G17/'Goal Setup'!$B$4,0) | I17: =IF(G17>='Goal Setup'!$B$4,"Tikslas pasiektas",IF(G17>='Monthly Tracker'!F15,"Pagal planą","Atsiliekama"))

Sheet Milestones
A1: Milestones • Progreso etapai
A3: Milestone | B3: Target % | C3: Target Amount | D3: Estimated Month | E3: Status | F3: Notes
A4: 25% milestone | B4: 0.25 | C4: ='Goal Setup'!$B$4*B4 | D4: =IFERROR("Month "&ROUNDUP((C4-'Goal Setup'!$B$5)/'Goal Setup'!$B$9,0),"Not available") | E4: =IF('Goal Setup'!$B$10>=C4,"Pasiekta","Laukiama") | F4: Pirmas aiškus progresas
A5: 50% milestone | B5: 0.5 | C5: ='Goal Setup'!$B$4*B5 | D5: =IFERROR("Month "&ROUNDUP((C5-'Goal Setup'!$B$5)/'Goal Setup'!$B$9,0),"Not available") | E5: =IF('Goal Setup'!$B$10>=C5,"Pasiekta","Laukiama") | F5: Pusiaukelė
A6: 75% milestone | B6: 0.75 | C6: ='Goal Setup'!$B$4*B6 | D6: =IFERROR("Month "&ROUNDUP((C6-'Goal Setup'!$B$5)/'Goal Setup'!$B$9,0),"Not available") | E6: =IF('Goal Setup'!$B$10>=C6,"Pasiekta","Laukiama") | F6: Stiprus finišo etapas
A7: 100% goal | B7: 1 | C7: ='Goal Setup'!$B$4*B7 | D7: =IFERROR("Month "&ROUNDUP((C7-'Goal Setup'!$B$5)/'Goal Setup'!$B$9,0),"Not available") | E7: =IF('Goal Setup'!$B$10>=C7,"Pasiekta","Laukiama") | F7: Tikslas pasiektas

Sheet Scenario Planner
A1: Scenario Planner • Taupymo plano palyginimas
A3: Scenario | B3: Monthly Deposit | C3: Saved After 12 Months | D3: Progress % | E3: Gap to Target | F3: Status
A4: Conservative | B4: 250 | C4: ='Goal Setup'!$B$5+(B4*'Goal Setup'!$B$7) | D4: =IFERROR(C4/'Goal Setup'!$B$4,0) | E4: =MAX(0,'Goal Setup'!$B$4-C4) | F4: =IF(C4>='Goal Setup'!$B$4,"Pasieks tikslą","Nepakanka")
A5: Standard | B5: ='Goal Setup'!$B$9 | C5: ='Goal Setup'!$B$5+(B5*'Goal Setup'!$B$7) | D5: =IFERROR(C5/'Goal Setup'!$B$4,0) | E5: =MAX(0,'Goal Setup'!$B$4-C5) | F5: =IF(C5>='Goal Setup'!$B$4,"Pasieks tikslą","Nepakanka")
A6: Aggressive | B6: 500 | C6: ='Goal Setup'!$B$5+(B6*'Goal Setup'!$B$7) | D6: =IFERROR(C6/'Goal Setup'!$B$4,0) | E6: =MAX(0,'Goal Setup'!$B$4-C6) | F6: =IF(C6>='Goal Setup'!$B$4,"Pasieks tikslą","Nepakanka")
A7: Custom | B7: 650 | C7: ='Goal Setup'!$B$5+(B7*'Goal Setup'!$B$7) | D7: =IFERROR(C7/'Goal Setup'!$B$4,0) | E7: =MAX(0,'Goal Setup'!$B$4-C7) | F7: =IF(C7>='Goal Setup'!$B$4,"Pasieks tikslą","Nepakanka")

Sheet Review & Notes
A1: Review & Notes • Mėnesio refleksija
A3: Klausimas | B3: Atsakymas
A4: Kas šį mėnesį pavyko geriausiai?
A5: Kas labiausiai trukdė taupyti?
A6: Kurią išlaidų kategoriją verta mažinti?
A7: Koks bus kito mėnesio minimalus įnašas?
A8: 3 veiksmai kitam mėnesiui
A9: Papildomos pastabos

Sheet Settings
A1: Settings | B1: Values
A2: Currency | B2: €
A3: Target status: reached | B3: Tikslas pasiektas
A4: Target status: on track | B4: Pagal planą
A5: Target status: behind | B5: Atsiliekama
A6: Recommendation excellent | B6: Puikus progresas – tęskite dabartinį planą.
A7: Recommendation stable | B7: Stabilu – galima padidinti įmokas, jei norite tikslą pasiekti greičiau.
A8: Recommendation behind | B8: Reikia koreguoti planą – peržiūrėkite įmokas arba tikslinę datą.
A9: Recommendation risk | B9: Didelė rizika nepasiekti tikslo – pradėkite nuo mažų, bet pastovių įmokų.
A10: Version | B10: V15
A11: Product | B11: Savings Tracker
A12: Brand | B12: StillOak Studio
